date,year,month,incorporation_by_company_split_all_companies,corporate_reorganization_all_companies,dissolution_by_merger_all_companies,incorporation_by_merger_all_companies,completion_of_liquidation_all_companies,special_liquidation_all_companies,capital_increase_by_company_split_all_companies,capital_decrease_by_company_split_all_companies,bankruptcy_or_civil_rehabilitation_all_companies,registrations_total_all_companies,dissolution_all_companies,incorporation_all_companies,incorporation_by_company_split_kabushiki,corporate_reorganization_kabushiki,dissolution_by_merger_kabushiki,incorporation_by_merger_kabushiki,completion_of_liquidation_kabushiki,special_liquidation_kabushiki,capital_increase_by_company_split_kabushiki,capital_decrease_by_company_split_kabushiki,bankruptcy_or_civil_rehabilitation_kabushiki,registrations_total_kabushiki,dissolution_kabushiki,incorporation_kabushiki,incorporation_by_company_split_tokurei_yugen,corporate_reorganization_tokurei_yugen,dissolution_by_merger_tokurei_yugen,incorporation_by_merger_tokurei_yugen,completion_of_liquidation_tokurei_yugen,special_liquidation_tokurei_yugen,capital_increase_by_company_split_tokurei_yugen,capital_decrease_by_company_split_tokurei_yugen,bankruptcy_or_civil_rehabilitation_tokurei_yugen,registrations_total_tokurei_yugen,dissolution_tokurei_yugen,incorporation_tokurei_yugen,incorporation_by_company_split_gomei,corporate_reorganization_gomei,dissolution_by_merger_gomei,incorporation_by_merger_gomei,completion_of_liquidation_gomei,special_liquidation_gomei,capital_increase_by_company_split_gomei,capital_decrease_by_company_split_gomei,bankruptcy_or_civil_rehabilitation_gomei,registrations_total_gomei,dissolution_gomei,incorporation_gomei,incorporation_by_company_split_goshi,corporate_reorganization_goshi,dissolution_by_merger_goshi,incorporation_by_merger_goshi,completion_of_liquidation_goshi,special_liquidation_goshi,capital_increase_by_company_split_goshi,capital_decrease_by_company_split_goshi,bankruptcy_or_civil_rehabilitation_goshi,registrations_total_goshi,dissolution_goshi,incorporation_goshi,incorporation_by_company_split_godo,corporate_reorganization_godo,dissolution_by_merger_godo,incorporation_by_merger_godo,completion_of_liquidation_godo,special_liquidation_godo,capital_increase_by_company_split_godo,capital_decrease_by_company_split_godo,bankruptcy_or_civil_rehabilitation_godo,registrations_total_godo,dissolution_godo,incorporation_godo
2009-01-01,2009,1,100,25,539,1,2508,62,9,4,1926,95427,3857,6686,100,21,445,1,966,62,9,3,1188,69655,1418,6201,,4,87,,1432,,,1,727,24049,2271,,0,,2,0,4,,,,3,85,15,2,0,,4,0,63,,,,8,578,82,42,0,,1,0,43,,0,0,0,1060,71,441
2009-02-01,2009,2,90,36,294,1,2433,54,5,2,1926,87203,3208,6675,90,33,235,1,1004,54,5,2,1215,62819,1277,6218,,3,56,,1305,,,0,699,22776,1816,,0,,0,0,12,,,,1,57,6,2,0,,2,0,75,,,,7,490,52,20,0,,1,0,37,,0,0,4,1061,57,435
2009-03-01,2009,3,95,32,378,0,2487,82,7,0,2256,100601,3493,7191,95,27,289,0,1057,82,7,0,1417,74849,1413,6673,,5,85,,1310,,,0,827,23992,1949,,0,,0,0,13,,,,1,82,7,6,0,,1,0,50,,,,8,533,63,25,0,,3,0,57,,0,0,3,1145,61,487
2009-04-01,2009,4,181,35,1141,5,3129,93,22,2,1961,126100,5350,9084,179,34,998,5,1248,93,22,2,1265,94721,2248,8475,,1,138,,1785,,,0,681,29435,2936,,0,,0,0,6,,,,1,101,17,1,0,,4,0,58,,,,11,558,78,24,2,,1,0,32,,0,0,3,1285,71,584
2009-05-01,2009,5,84,17,262,3,2374,58,7,1,1815,94706,3492,6672,84,15,202,3,957,58,7,0,1152,70515,1380,6228,,2,58,,1319,,,1,648,22602,1998,,0,,0,0,6,,,,3,70,5,5,0,,2,0,43,,,,12,455,64,18,0,,0,0,49,,0,0,0,1064,45,421
2009-06-01,2009,6,119,28,299,0,3283,62,7,1,2263,145664,4272,7672,119,27,227,0,1235,62,7,1,1407,116012,1684,7152,,1,70,,1910,,,0,842,27745,2431,,0,,0,0,14,,,,1,108,11,3,0,,2,0,81,,,,11,530,62,17,0,,0,0,43,,0,0,2,1269,84,500
2009-07-01,2009,7,118,26,596,0,3362,45,11,6,2107,148728,4569,8246,118,21,497,0,1340,45,10,6,1276,119115,1881,7659,,5,96,,1888,,,0,824,27614,2519,,0,,0,0,10,,,,2,96,8,2,0,,1,0,68,,,,4,562,79,32,0,,2,0,56,,1,0,1,1341,82,553
2009-08-01,2009,8,98,16,305,0,3057,58,4,1,1827,95687,3471,6454,98,14,222,0,1199,58,4,1,1112,71910,1434,5968,,2,78,,1746,,,0,700,22266,1945,,0,,0,0,10,,,,2,86,4,2,0,,5,0,47,,,,8,454,57,22,0,,0,0,55,,0,0,5,971,31,462
2009-09-01,2009,9,104,13,347,5,3229,44,9,0,1744,95663,3547,6631,104,13,258,5,1312,44,9,0,1092,71064,1429,6161,,0,88,,1807,,,0,644,22979,1997,,0,,1,0,5,,,,0,91,16,2,0,,0,0,65,,,,7,452,53,19,0,,0,0,40,,0,0,1,1077,52,449
2009-10-01,2009,10,153,13,701,0,3386,63,13,2,2096,108322,4051,7488,153,11,581,0,1405,63,13,1,1279,81717,1688,6931,,2,116,,1851,,,1,797,24735,2226,,0,,0,0,7,,,,2,105,10,3,0,,3,0,52,,,,15,535,55,44,0,,1,0,71,,0,0,3,1230,72,510
2009-11-01,2009,11,92,25,218,0,2951,47,5,2,1949,90350,3104,6325,90,22,172,0,1168,47,5,2,1237,67402,1274,5841,,3,44,,1690,,,0,701,21405,1728,,0,,0,0,3,,,,1,75,10,2,0,,2,0,41,,,,8,392,42,32,2,,0,0,49,,0,0,2,1076,50,450
2009-12-01,2009,12,95,21,282,1,3736,55,6,1,1981,100844,3265,6892,95,16,206,1,1518,55,6,1,1231,76552,1346,6395,,5,69,,2095,,,0,735,22632,1817,,0,,0,0,17,,,,0,103,17,1,0,,5,0,58,,,,13,500,49,17,0,,2,0,48,,0,0,2,1057,36,479
2010-01-01,2010,1,74,18,496,0,2432,55,6,0,1940,83946,3514,6766,74,16,409,0,1018,55,6,0,1213,61527,1409,6238,,2,84,,1313,,,0,713,20635,1961,,0,,0,0,8,,,,3,94,14,1,0,,2,0,48,,,,9,489,55,22,0,,1,0,45,,0,0,2,1201,75,505
2010-02-01,2010,2,128,14,265,0,2373,51,9,0,1809,81448,2847,7173,127,14,206,0,988,51,9,0,1125,59367,1180,6607,,0,59,,1297,,,0,669,20389,1546,,0,,0,0,9,,,,0,89,12,5,0,,0,0,37,,,,12,401,40,23,1,,0,0,42,,0,0,3,1202,69,538
2010-03-01,2010,3,115,19,333,0,2638,76,14,4,2323,96250,3169,8084,115,18,263,0,1148,76,14,4,1455,71790,1331,7184,,1,69,,1371,,,0,844,22296,1712,,0,,0,0,9,,,,2,85,10,4,0,,1,0,46,,,,19,480,62,14,0,,0,0,64,,0,0,3,1599,54,882
2010-04-01,2010,4,169,18,1015,4,3136,71,31,2,1807,118571,5059,9442,169,17,899,4,1301,71,31,2,1146,89653,2181,8709,,1,114,,1711,,,0,651,26838,2714,,0,,0,0,13,,,,1,105,10,4,0,,2,0,57,,,,5,541,80,27,0,,0,0,54,,0,0,4,1434,74,702
2010-05-01,2010,5,95,18,238,0,2279,49,3,2,1618,89757,3192,6991,95,18,170,0,960,49,3,1,997,67276,1273,6476,,0,66,,1238,,,1,611,20905,1811,,0,,0,0,6,,,,2,72,11,2,0,,2,0,34,,,,6,383,52,12,0,,0,0,41,,0,0,2,1121,45,501
2010-06-01,2010,6,111,14,315,0,3164,55,5,2,1952,132518,3920,7465,111,14,238,0,1201,55,5,1,1204,105816,1609,6886,,0,70,,1842,,,1,739,24935,2182,,0,,1,0,16,,,,0,100,10,2,0,,3,0,51,,,,6,412,53,14,0,,3,0,54,,0,0,3,1255,66,563
2010-07-01,2010,7,120,21,498,0,3146,44,9,1,1928,133176,4286,7644,120,19,407,0,1268,44,9,0,1184,106693,1840,7009,,2,86,,1760,,,1,732,24600,2310,,0,,1,0,11,,,,2,82,12,0,0,,1,0,47,,,,9,446,52,14,0,,3,0,60,,0,0,1,1355,72,621
2010-08-01,2010,8,92,13,296,0,2949,56,7,0,1779,94204,3726,6401,92,13,215,0,1230,56,7,0,1079,70780,1527,5857,,0,76,,1624,,,0,686,21691,2068,,0,,2,0,14,,,,1,95,12,2,0,,1,0,32,,,,11,419,58,13,0,,2,0,49,,0,0,2,1219,61,529
2010-09-01,2010,9,143,17,326,1,3499,67,5,3,1874,97347,4858,6891,142,17,234,1,1448,67,5,2,1186,72269,2118,6354,,0,86,,1938,,,1,679,23283,2584,,0,,0,0,9,,,,0,86,15,1,0,,5,0,54,,,,6,466,71,13,1,,1,0,50,,0,0,3,1243,70,523
2010-10-01,2010,10,175,19,628,0,3257,69,15,1,1788,99526,5047,7451,175,19,531,0,1372,69,15,1,1083,74728,2269,6772,,0,90,,1781,,,0,690,22805,2602,,0,,0,0,8,,,,3,106,14,3,0,,3,0,49,,,,12,519,80,24,0,,4,0,47,,0,0,0,1368,82,652
2010-11-01,2010,11,139,9,276,0,2999,61,8,0,1905,88651,2809,6475,139,9,205,0,1226,61,8,0,1164,66768,1186,5901,,0,64,,1666,,,0,730,20032,1525,,0,,0,0,6,,,,1,70,6,3,0,,2,0,53,,,,6,413,40,14,0,,5,0,48,,0,0,4,1368,52,557
2010-12-01,2010,12,348,16,328,0,3750,44,16,1,1719,93697,2708,7133,348,16,223,0,1523,44,16,1,1095,71280,1174,6542,,0,101,,2101,,,0,612,20451,1406,,0,,1,0,8,,,,0,98,6,2,0,,1,0,48,,,,10,497,47,9,0,,2,0,70,,0,0,2,1371,75,580
2011-01-01,2011,1,97,13,396,0,2424,69,7,0,1874,79335,3050,7157,96,13,310,0,1075,69,7,0,1157,58989,1269,6485,,0,80,,1245,,,0,704,18536,1675,,0,,0,0,7,,,,1,76,8,4,0,,1,0,41,,,,11,415,44,16,1,,5,0,56,,0,0,1,1319,54,652
2011-02-01,2011,2,86,14,315,0,2176,73,3,1,1667,76449,2557,6520,86,14,247,0,953,73,3,1,1032,56240,1096,5865,,0,61,,1130,,,0,621,18390,1356,,0,,0,0,7,,,,1,60,4,4,0,,0,0,32,,,,11,403,41,11,0,,7,0,54,,0,0,2,1356,60,640
2011-03-01,2011,3,112,14,352,0,2308,85,3,0,2071,90723,2856,7399,112,13,279,0,1086,85,3,0,1220,69113,1211,6643,,1,68,,1118,,,0,831,19569,1515,,0,,0,0,4,,,,0,64,6,0,0,,1,0,46,,,,17,441,50,16,0,,4,0,54,,0,0,3,1536,74,740
2011-04-01,2011,4,139,14,936,1,2725,58,10,1,1657,107787,4163,8623,139,14,839,1,1183,58,10,1,1025,82997,1806,7761,,0,93,,1449,,,0,623,22661,2208,,0,,1,0,10,,,,0,89,8,0,0,,3,0,36,,,,8,413,57,19,0,,0,0,47,,0,0,1,1627,84,843
2011-05-01,2011,5,73,14,204,0,2088,44,3,0,1585,89910,2985,6673,73,13,145,0,866,44,3,0,1006,68861,1257,5961,,1,49,,1123,,,0,570,19062,1622,,0,,1,0,5,,,,0,73,8,5,0,,1,0,44,,,,7,400,40,19,0,,8,0,50,,0,0,2,1514,58,688
2011-06-01,2011,6,107,12,264,0,2719,46,4,1,1882,132820,3346,7778,107,11,192,0,1133,46,4,1,1142,107899,1421,6971,,1,71,,1465,,,0,727,22877,1807,,0,,0,0,7,,,,2,87,14,3,0,,1,0,53,,,,8,422,45,23,0,,0,0,61,,0,0,3,1535,59,781
2011-07-01,2011,7,101,9,359,0,2711,41,8,0,1666,125073,3540,7839,101,8,282,0,1163,41,8,0,1044,102034,1525,7000,,1,69,,1453,,,0,605,20907,1907,,0,,1,0,10,,,,1,81,5,2,0,,0,0,42,,,,12,403,41,15,0,,7,0,43,,0,0,4,1648,62,822
2011-08-01,2011,8,104,20,243,0,2884,31,6,3,1667,98043,3265,7167,104,19,180,0,1230,31,6,3,1029,75406,1435,6424,,1,62,,1545,,,0,627,20514,1708,,0,,0,0,12,,,,2,85,8,3,0,,1,0,42,,,,7,462,51,17,0,,0,0,55,,0,0,2,1576,63,723
2011-09-01,2011,9,109,10,437,1,2892,46,4,2,1622,92650,3060,7240,109,9,370,1,1245,46,4,2,1038,70741,1283,6405,,1,65,,1541,,,0,577,19828,1644,,0,,0,0,3,,,,0,69,6,3,0,,1,0,44,,,,6,447,50,44,0,,1,0,59,,0,0,1,1565,77,788
2011-10-01,2011,10,112,11,508,0,2864,50,11,2,1681,96016,3426,7397,112,8,429,0,1223,50,11,2,994,73476,1496,6563,,3,71,,1544,,,0,676,20438,1798,,0,,0,0,3,,,,0,83,8,6,0,,4,0,50,,,,7,418,39,33,0,,4,0,44,,0,0,4,1601,85,795
2011-11-01,2011,11,93,11,267,0,2644,46,5,1,1794,90314,2950,7415,93,11,199,0,1174,46,5,1,1096,69209,1355,6599,,0,65,,1388,,,0,680,18947,1495,,0,,1,0,4,,,,2,83,5,4,0,,0,0,30,,,,11,345,27,15,0,,2,0,48,,0,0,5,1730,68,797
2011-12-01,2011,12,93,5,264,0,3084,43,7,1,1674,93828,2680,8456,93,5,199,0,1339,43,7,1,1060,73252,1289,7567,,0,60,,1641,,,0,606,18357,1276,,0,,0,0,7,,,,1,94,6,6,0,,4,0,42,,,,6,430,34,22,0,,1,0,55,,0,0,1,1695,75,861
2012-01-01,2012,1,63,17,377,0,2234,57,7,1,1711,78351,3114,7345,63,17,320,0,963,57,7,1,1098,58654,1331,6489,,0,49,,1170,,,0,598,17518,1614,,0,,0,0,8,,,,1,74,9,3,0,,3,0,22,,,,10,375,61,8,0,,5,0,71,,0,0,4,1730,99,845
2012-02-01,2012,2,76,10,237,0,2330,47,7,1,1668,79502,2694,7052,75,10,173,0,1048,47,6,1,1048,59196,1163,6271,,0,55,,1183,,,0,608,18216,1414,,0,,2,0,7,,,,0,80,9,5,0,,1,0,38,,,,9,381,41,10,1,,6,0,54,,1,0,3,1629,67,766
2012-03-01,2012,3,79,23,342,0,2147,62,11,1,1892,85256,2639,7384,79,23,271,0,999,62,11,0,1196,65376,1208,6508,,0,67,,1049,,,1,678,17657,1330,,0,,1,0,6,,,,1,80,4,6,0,,0,0,18,,,,12,336,36,16,0,,3,0,75,,0,0,5,1807,61,854
2012-04-01,2012,4,109,21,872,1,2394,45,10,1,1606,106236,4166,9018,109,19,769,1,1042,45,10,1,1029,82515,1848,8114,,2,94,,1255,,,0,570,21351,2155,,0,,0,0,5,,,,0,73,7,4,0,,4,0,35,,,,5,423,56,10,0,,5,0,57,,0,0,2,1874,100,890
2012-05-01,2012,5,52,11,236,0,2384,33,1,0,1765,98992,3282,8196,51,11,182,0,1062,33,1,0,1135,75699,1423,7297,,0,52,,1207,,,0,611,20827,1731,,0,,0,0,10,,,,4,94,6,3,0,,1,0,44,,,,12,461,56,11,1,,1,0,61,,0,0,3,1911,66,885
2012-06-01,2012,6,71,6,241,0,2601,42,2,0,1652,117864,3313,7378,71,4,184,0,1091,42,2,0,1001,95087,1406,6493,,2,51,,1405,,,0,645,20499,1782,,0,,2,0,6,,,,0,91,11,5,0,,2,0,29,,,,4,358,47,9,0,,2,0,70,,0,0,2,1829,67,871
2012-07-01,2012,7,84,11,424,1,2870,35,12,2,1776,130270,3723,8026,83,11,359,1,1244,35,12,2,1111,106035,1689,7056,,0,59,,1491,,,0,653,21710,1891,,0,,0,0,10,,,,2,84,6,4,0,,3,0,47,,,,7,439,45,12,1,,3,0,78,,0,0,3,2002,92,954
2012-08-01,2012,8,57,11,271,0,2772,40,3,1,1661,92223,3136,7541,57,10,210,0,1189,40,3,0,1059,70823,1380,6573,,1,60,,1470,,,1,592,18968,1614,,0,,0,0,5,,,,0,79,7,6,0,,0,0,52,,,,8,371,45,8,0,,1,0,56,,0,0,2,1982,90,954
2012-09-01,2012,9,58,8,259,0,2709,50,4,0,1550,83399,3011,6540,58,6,195,0,1193,50,4,0,985,63266,1304,5719,,2,62,,1418,,,0,554,17927,1570,,0,,0,0,7,,,,1,61,4,4,0,,1,0,35,,,,7,349,41,10,0,,1,0,56,,0,0,3,1796,92,807
2012-10-01,2012,10,88,17,575,1,3008,47,11,3,1953,103195,3723,8525,88,16,489,1,1347,47,11,3,1217,78871,1669,7474,,1,83,,1543,,,0,709,21563,1906,,0,,1,0,7,,,,0,77,10,3,0,,0,0,41,,,,16,463,47,16,0,,2,0,70,,0,0,11,2221,91,1032
2012-11-01,2012,11,71,20,273,1,2694,39,5,0,1736,88978,3030,7237,70,19,210,1,1162,39,5,0,1095,67202,1339,6148,,1,56,,1428,,,0,620,19089,1535,,0,,0,0,7,,,,1,78,12,8,0,,3,0,37,,,,14,422,39,13,1,,4,0,60,,0,0,6,2187,105,1068
2012-12-01,2012,12,62,9,323,0,3297,38,4,0,1515,88327,2823,7700,62,9,249,0,1454,38,4,0,994,68452,1348,6720,,0,69,,1700,,,0,508,17388,1336,,0,,0,0,10,,,,0,68,7,9,0,,3,0,47,,,,7,411,30,8,0,,2,0,86,,0,0,6,2008,102,963
2013-01-01,2013,1,73,15,411,0,2139,51,1,0,1696,75065,3097,7404,73,15,337,0,944,51,1,0,1050,56115,1353,6397,,0,66,,1082,,,0,631,16466,1581,,0,,1,0,11,,,,2,79,10,4,0,,2,0,34,,,,7,385,46,5,0,,5,0,68,,0,0,6,2020,107,998
2013-02-01,2013,2,59,1,262,0,2138,36,3,0,1360,75065,2496,7254,59,1,219,0,995,36,3,0,844,56297,1116,6122,,0,40,,1035,,,0,506,16224,1281,,0,,0,0,7,,,,1,78,6,11,0,,2,0,25,,,,4,289,29,10,0,,1,0,76,,0,0,5,2177,64,1111
2013-03-01,2013,3,68,12,332,0,2012,62,10,1,1750,83123,2442,7893,68,12,271,0,928,62,10,1,1090,64022,1114,6673,,0,57,,986,,,0,633,16346,1218,,0,,0,0,3,,,,1,44,5,2,0,,0,0,32,,,,14,341,32,5,0,,4,0,63,,0,0,12,2370,73,1213
2013-04-01,2013,4,127,18,923,1,2602,58,10,0,1559,112137,4114,9868,127,17,820,1,1171,58,10,0,1026,86949,1878,8400,,1,97,,1316,,,0,518,21785,2036,,0,,0,0,5,,,,1,95,8,3,0,,0,0,35,,,,7,430,56,17,0,,6,0,75,,0,0,7,2878,136,1448
2013-05-01,2013,5,51,4,249,0,2231,41,6,0,1621,97694,3176,8754,50,3,184,0,944,41,6,0,1020,75104,1374,7396,,1,58,,1159,,,0,585,19466,1660,,0,,2,0,12,,,,3,104,10,8,0,,1,0,32,,,,9,431,51,11,1,,4,0,84,,0,0,4,2589,81,1339
2013-06-01,2013,6,53,5,260,0,2388,38,2,0,1454,113937,2930,7519,53,5,208,0,1062,38,2,0,905,93310,1352,6360,,0,50,,1231,,,0,535,18085,1456,,0,,0,0,3,,,,1,77,11,9,0,,1,0,29,,,,9,281,35,7,0,,1,0,63,,0,0,4,2184,76,1143
2013-07-01,2013,7,69,5,403,1,2987,46,7,0,1770,133337,3593,8976,68,4,337,1,1250,46,7,0,1125,109159,1649,7693,,1,62,,1592,,,0,624,20882,1765,,0,,2,0,6,,,,2,108,11,18,0,,0,0,50,,,,12,424,43,8,1,,2,0,89,,0,0,7,2764,125,1257
2013-08-01,2013,8,63,3,284,0,2612,40,1,1,1363,87256,2949,7737,63,3,226,0,1143,40,1,1,857,67036,1295,6546,,0,57,,1350,,,0,486,17346,1490,,0,,0,0,9,,,,1,79,8,7,0,,1,0,39,,,,8,355,34,9,0,,0,0,71,,0,0,11,2440,122,1175
2013-09-01,2013,9,61,4,278,0,2564,35,7,2,1391,84942,3008,7031,61,4,225,0,1152,35,7,1,888,65006,1299,5897,,0,48,,1309,,,1,487,17197,1543,,0,,0,0,7,,,,2,74,8,5,0,,3,0,27,,,,8,347,53,12,0,,2,0,69,,0,0,6,2318,105,1117
2013-10-01,2013,10,80,12,631,0,2955,60,18,0,1642,100229,3591,8562,80,12,530,0,1329,60,18,0,1027,76743,1553,7192,,0,95,,1495,,,0,599,20109,1845,,0,,2,0,6,,,,0,95,10,4,0,,2,0,34,,,,10,365,42,7,0,,2,0,91,,0,0,6,2917,141,1359
2013-11-01,2013,11,62,12,281,0,2650,44,3,1,1613,87284,2831,7766,62,12,226,0,1156,44,3,1,1029,66604,1339,6546,,0,49,,1353,,,0,565,17669,1351,,0,,1,0,10,,,,0,88,6,8,0,,2,0,41,,,,8,337,30,2,0,,3,0,90,,0,0,11,2586,105,1210
2013-12-01,2013,12,62,12,254,1,3136,46,3,2,1410,89872,2711,7895,60,12,195,1,1426,46,3,2,875,69743,1328,6667,,0,51,,1550,,,0,520,17102,1238,,0,,1,0,6,,,,0,80,8,5,0,,1,0,33,,,,8,437,40,12,2,,6,0,121,,0,0,7,2510,97,1211
2014-01-01,2014,1,52,8,394,0,2318,55,8,0,1525,80993,3220,8752,52,8,321,0,1057,55,8,0,963,61013,1437,7345,,0,71,,1116,,,0,547,16677,1596,,0,,1,0,2,,,,1,91,15,6,0,,0,0,35,,,,7,348,38,11,0,,1,0,108,,0,0,7,2864,134,1390
2014-02-01,2014,2,51,4,230,0,2073,48,8,0,1335,72870,2457,7456,51,4,182,0,942,48,8,0,860,54644,1138,6114,,0,44,,1014,,,0,465,15165,1181,,0,,0,0,12,,,,0,106,11,9,0,,1,0,28,,,,6,307,31,4,0,,3,0,77,,0,0,4,2648,96,1329
2014-03-01,2014,3,47,3,364,0,2084,51,6,1,1602,82981,2645,8667,46,2,308,0,1034,51,6,1,1007,63541,1178,7173,,1,50,,940,,,0,578,16055,1303,,0,,0,0,8,,,,0,81,7,9,0,,2,0,18,,,,4,368,39,7,1,,4,0,84,,0,0,13,2936,118,1478
2014-04-01,2014,4,128,10,817,0,2663,56,19,1,1423,111288,4258,11468,127,10,723,0,1180,56,19,1,849,85935,1913,9616,,0,85,,1338,,,0,554,21399,2147,,0,,3,0,7,,,,0,92,9,8,0,,2,0,48,,,,8,420,51,10,1,,4,0,90,,0,0,12,3442,138,1834
2014-05-01,2014,5,51,2,225,0,2299,39,5,0,1328,93128,3130,9308,51,2,173,0,1037,39,5,0,856,71610,1403,7737,,0,48,,1129,,,0,454,17768,1539,,0,,0,0,6,,,,2,79,12,3,0,,0,0,36,,,,7,378,38,10,0,,4,0,91,,0,0,9,3293,138,1558
2014-06-01,2014,6,42,0,258,0,2652,38,2,0,1405,117615,3188,8673,42,0,195,0,1167,38,2,0,910,95414,1388,7244,,0,58,,1332,,,0,482,18664,1623,,0,,1,0,10,,,,1,88,10,10,0,,3,0,46,,,,8,345,42,8,0,,1,0,97,,0,0,4,3104,125,1411
2014-07-01,2014,7,72,6,499,0,3002,39,3,0,1590,132489,3692,9610,72,6,432,0,1312,39,3,0,1005,107845,1627,7870,,0,65,,1538,,,0,567,20628,1839,,0,,0,0,12,,,,0,96,8,10,0,,1,0,47,,,,7,384,50,9,0,,1,0,93,,0,0,11,3536,168,1721
2014-08-01,2014,8,48,4,304,0,2633,56,5,0,1343,86775,2871,8163,48,4,247,0,1212,56,5,0,876,66880,1276,6717,,0,54,,1284,,,0,457,16343,1430,,0,,0,0,9,,,,1,71,2,9,0,,0,0,39,,,,4,341,47,8,0,,3,0,89,,0,0,5,3140,116,1429
2014-09-01,2014,9,70,2,321,0,2859,47,2,3,1345,91147,3155,8045,69,2,262,0,1221,47,2,3,865,69679,1424,6410,,0,59,,1466,,,0,467,17694,1562,,0,,0,0,7,,,,2,84,8,6,0,,0,0,41,,,,5,370,42,8,1,,0,0,124,,0,0,6,3320,119,1621
2014-10-01,2014,10,102,7,527,0,3070,55,8,2,1482,102354,3633,9485,100,6,457,0,1385,55,8,2,926,78705,1725,7565,,1,63,,1527,,,0,542,19578,1737,,0,,0,0,5,,,,0,88,6,6,0,,1,0,34,,,,8,353,36,13,2,,6,0,119,,0,0,6,3630,129,1901
2014-11-01,2014,11,62,4,232,1,2485,54,3,2,1293,80513,2597,7588,61,3,177,1,1105,54,3,1,833,60943,1171,5864,,1,51,,1219,,,1,450,15825,1257,,0,,0,0,7,,,,0,74,5,7,0,,0,0,30,,,,3,371,45,6,1,,4,0,124,,0,0,7,3300,119,1711
2014-12-01,2014,12,59,2,278,0,3199,40,4,1,1344,93855,2649,9429,59,2,217,0,1469,40,4,1,855,72226,1263,6984,,0,56,,1566,,,0,471,17047,1244,,0,,1,0,3,,,,3,88,8,10,0,,1,0,43,,,,4,373,33,10,0,,3,0,118,,0,0,11,4121,101,2425
2015-01-01,2015,1,48,8,413,1,2304,71,3,0,1296,86410,3308,9569,47,8,315,1,1073,71,3,0,837,65670,1585,7359,,0,83,,1086,,,0,451,16211,1532,,0,,1,0,4,,,,2,85,9,13,0,,0,0,40,,,,1,345,30,6,1,,14,0,101,,0,0,5,4099,152,2191
2015-02-01,2015,2,50,5,208,0,2233,50,2,1,1231,79608,2377,8308,48,5,174,0,1054,50,2,1,779,60218,1095,6400,,0,31,,1063,,,0,440,15444,1135,,0,,0,0,6,,,,2,92,9,8,0,,1,0,24,,,,5,315,30,10,2,,2,0,86,,0,0,5,3539,108,1890
2015-03-01,2015,3,67,5,353,0,2214,62,2,0,1571,94320,2761,9185,66,5,285,0,1070,62,2,0,1014,72721,1261,7206,,0,61,,976,,,0,541,16888,1320,,0,,0,0,8,,,,2,100,11,16,0,,1,0,36,,,,8,368,40,7,1,,6,0,124,,0,0,6,4243,129,1956
2015-04-01,2015,4,127,3,815,0,2566,61,15,3,1232,114477,4266,11111,127,3,723,0,1214,61,15,3,817,90036,2003,9107,,0,86,,1229,,,0,401,19794,2032,,0,,0,0,7,,,,1,79,7,8,0,,1,0,25,,,,6,362,51,4,0,,5,0,91,,0,0,7,4206,173,1992
2015-05-01,2015,5,49,6,212,0,2092,45,4,0,1112,89754,2994,9002,49,5,175,0,941,45,4,0,720,69532,1351,7377,,1,33,,1010,,,0,386,16204,1467,,0,,0,0,8,,,,0,54,3,6,0,,1,0,34,,,,3,320,41,6,0,,3,0,99,,0,0,3,3644,132,1613
2015-06-01,2015,6,59,10,326,0,2603,39,3,0,1337,127379,3273,9276,59,10,273,0,1183,39,3,0,864,104625,1439,7519,,0,46,,1286,,,0,460,18425,1651,,0,,0,0,2,,,,1,58,3,11,0,,0,0,29,,,,5,334,45,4,0,,7,0,103,,0,0,7,3937,135,1742
2015-07-01,2015,7,79,5,406,0,3036,43,7,3,1412,146188,3822,10933,79,3,347,0,1329,43,7,3,918,120347,1634,8829,,2,51,,1503,,,0,476,20759,1936,,0,,2,0,11,,,,0,103,11,5,0,,0,0,54,,,,5,433,53,8,0,,6,0,139,,0,0,13,4546,188,2091
2015-08-01,2015,8,57,4,272,0,2861,45,2,3,1216,96078,3191,8487,57,4,221,0,1302,45,2,2,802,74884,1439,6782,,0,43,,1402,,,1,399,16846,1567,,0,,1,0,5,,,,1,93,13,6,0,,3,0,44,,,,4,356,39,9,0,,4,0,108,,0,0,10,3899,133,1690
2015-09-01,2015,9,69,1,402,0,2798,37,9,2,1102,92010,3183,8070,68,1,275,0,1255,37,9,1,715,70980,1386,6502,,0,119,,1353,,,1,372,16999,1608,,0,,2,0,9,,,,0,77,5,11,0,,2,0,44,,,,6,356,41,4,1,,4,0,137,,0,0,9,3598,143,1553
2015-10-01,2015,10,92,4,580,0,2990,50,23,4,1331,108594,3740,9821,92,4,493,0,1327,50,23,4,861,83865,1672,7778,,0,77,,1519,,,0,445,19702,1839,,0,,0,0,3,,,,0,96,11,7,0,,2,0,34,,,,5,407,58,6,0,,8,0,107,,0,0,20,4524,160,2030
2015-11-01,2015,11,54,2,223,0,2908,47,4,0,1201,91074,3212,8416,54,2,168,0,1261,47,4,0,774,70066,1427,6743,,0,50,,1499,,,0,414,16795,1574,,0,,0,0,7,,,,1,82,7,9,0,,0,0,36,,,,5,304,41,11,0,,5,0,105,,0,0,7,3827,163,1653
2015-12-01,2015,12,77,2,319,0,3624,42,6,0,1240,100240,3211,9060,76,1,243,0,1549,42,6,0,797,78110,1434,7201,,1,71,,1876,,,0,426,17432,1509,,0,,1,0,11,,,,2,106,10,19,0,,0,0,43,,,,6,364,30,18,1,,4,0,145,,0,0,9,4228,228,1822
2016-01-01,2016,1,72,7,411,0,2645,49,2,0,1263,91225,3800,10134,71,7,331,0,1220,49,2,0,859,69302,1651,8210,,0,69,,1214,,,0,394,16921,1840,,0,,1,0,11,,,,1,96,12,6,0,,1,0,42,,,,2,349,41,5,1,,9,0,158,,0,0,7,4557,256,1913
2016-02-01,2016,2,60,5,255,0,2595,60,6,0,1152,85134,2876,8680,59,5,210,0,1175,60,6,0,766,64380,1268,6850,,0,40,,1225,,,0,365,15925,1364,,0,,0,0,7,,,,0,70,7,2,0,,1,0,29,,,,4,322,32,6,1,,4,0,159,,0,0,17,4437,205,1822
2016-03-01,2016,3,81,2,367,0,2541,66,3,0,1362,99017,2966,10067,78,2,286,0,1204,66,3,0,897,76208,1337,7855,,0,52,,1140,,,0,448,17204,1380,,0,,1,0,11,,,,1,107,8,6,0,,0,0,26,,,,4,309,37,4,3,,28,0,160,,0,0,12,5189,204,2202
2016-04-01,2016,4,141,8,825,2,2834,48,15,3,1074,114252,4435,11407,140,7,718,2,1243,48,15,3,693,89131,2015,9293,,1,100,,1398,,,0,368,19919,2141,,0,,1,0,5,,,,1,80,13,11,0,,1,0,28,,,,3,325,45,6,1,,5,0,160,,0,0,9,4797,221,2097
2016-05-01,2016,5,36,1,261,0,2423,41,2,0,1088,96707,3359,9235,35,1,204,0,1046,41,2,0,689,74521,1449,7354,,0,54,,1175,,,0,383,17446,1673,,0,,0,0,11,,,,0,78,13,6,0,,0,0,33,,,,3,326,41,0,1,,3,0,158,,0,0,13,4336,183,1875
2016-06-01,2016,6,58,5,339,0,3027,39,4,0,1250,129974,3632,9692,58,4,254,0,1296,39,4,0,838,106379,1556,7783,,1,78,,1485,,,0,400,18669,1790,,0,,0,0,13,,,,0,89,4,8,0,,1,0,33,,,,2,306,32,4,0,,6,0,200,,0,0,10,4531,250,1897
2016-07-01,2016,7,95,3,345,2,3051,45,10,1,1168,131174,3778,9866,94,3,285,2,1339,45,10,1,760,107661,1655,7784,,0,55,,1473,,,0,390,18451,1869,,0,,1,0,11,,,,0,88,11,4,0,,0,0,43,,,,4,315,45,3,1,,4,0,185,,0,0,14,4659,198,2075
2016-08-01,2016,8,74,3,317,0,3224,42,3,1,1265,105025,3422,9444,74,3,246,0,1397,42,3,0,820,82299,1561,7396,,0,63,,1634,,,1,423,17812,1644,,0,,1,0,8,,,,2,78,6,9,0,,1,0,33,,,,5,323,40,8,0,,6,0,152,,0,0,15,4513,171,2031
2016-09-01,2016,9,74,4,333,1,3172,35,4,2,991,98689,3461,8529,74,3,254,1,1400,35,4,2,665,76793,1512,6662,,1,76,,1557,,,0,314,17138,1661,,0,,1,0,9,,,,0,69,5,12,0,,0,0,34,,,,4,338,43,5,0,,2,0,172,,0,0,8,4351,240,1850
2016-10-01,2016,10,76,2,475,0,3057,55,7,0,1231,100064,3602,8967,76,2,395,0,1352,55,7,0,802,77718,1635,6977,,0,74,,1459,,,0,413,17255,1684,,0,,0,0,9,,,,0,85,11,7,0,,1,0,47,,,,3,360,51,0,0,,5,0,190,,0,0,13,4646,221,1983
2016-11-01,2016,11,59,4,291,1,3075,42,2,0,1195,96633,3131,9023,58,4,234,1,1340,42,2,0,793,75014,1440,7030,,0,43,,1465,,,0,385,16526,1462,,0,,1,0,3,,,,2,84,10,7,0,,1,0,43,,,,1,344,36,10,1,,12,0,224,,0,0,14,4665,183,1976
2016-12-01,2016,12,71,2,296,1,3448,47,2,0,1132,98453,2855,9299,71,2,245,0,1462,47,2,0,739,77226,1375,7211,,0,44,,1693,,,0,369,15936,1173,,0,,1,0,12,,,,2,105,12,15,0,,0,0,39,,,,4,341,29,7,0,,6,1,242,,0,0,18,4845,266,2066
2017-01-01,2017,1,59,5,359,0,2664,56,7,3,1209,90124,3530,9998,59,5,304,0,1253,56,7,3,803,68938,1493,7722,,0,46,,1234,,,0,388,15733,1751,,0,,0,0,4,,,,0,74,6,8,0,,1,0,27,,,,3,334,44,11,0,,8,0,146,,0,0,15,5045,236,2257
2017-02-01,2017,2,51,3,251,1,2518,53,1,0,1143,87498,2777,9394,47,3,202,1,1206,53,1,0,785,66887,1306,7171,,0,36,,1106,,,0,332,15308,1229,,0,,2,0,10,,,,2,85,8,11,0,,1,0,30,,,,7,305,36,6,4,,10,0,166,,0,0,17,4913,198,2206
2017-03-01,2017,3,81,8,335,0,2324,47,7,0,1356,101383,2877,10959,80,8,248,0,1089,47,7,0,911,79364,1340,8485,,0,76,,1042,,,0,427,16088,1278,,0,,1,0,5,,,,1,78,11,10,0,,2,0,22,,,,4,314,41,0,1,,8,0,166,,0,0,13,5539,207,2464
2017-04-01,2017,4,114,2,833,0,2696,59,19,3,1000,112168,4329,11324,113,2,745,0,1202,59,19,3,694,88380,1922,9176,,0,79,,1271,,,0,294,18335,2139,,0,,1,0,8,,,,0,91,14,6,0,,0,0,33,,,,4,308,50,5,1,,8,0,182,,0,0,8,5054,204,2137
2017-05-01,2017,5,57,0,292,0,2689,58,2,1,1277,106646,3635,10804,57,0,245,0,1195,58,2,1,847,82752,1639,8421,,0,37,,1250,,,0,412,17750,1741,,0,,0,0,8,,,,0,112,13,6,0,,1,0,33,,,,2,323,33,3,0,,9,0,203,,0,0,16,5709,209,2374
2017-06-01,2017,6,54,3,267,0,2931,42,6,0,1163,127230,3401,10245,54,3,220,0,1321,42,5,0,781,104524,1526,7907,,0,38,,1379,,,0,354,17231,1652,,0,,0,0,16,,,,2,83,4,9,0,,1,0,37,,,,8,289,31,5,0,,8,0,178,,1,0,18,5103,188,2324
2017-07-01,2017,7,82,11,389,0,3072,40,6,0,1114,128621,3648,9578,81,10,319,0,1395,40,6,0,740,106451,1628,7494,,1,49,,1466,,,0,348,16798,1744,,0,,1,0,7,,,,0,81,5,10,0,,0,0,35,,,,4,347,47,6,1,,20,0,169,,0,0,22,4944,224,2068
2017-08-01,2017,8,51,5,314,0,3465,63,2,0,1260,110163,3542,9960,51,5,251,0,1565,63,2,0,844,86334,1573,7562,,0,54,,1688,,,0,391,17644,1681,,0,,0,0,2,,,,1,77,8,11,0,,1,0,39,,,,5,345,45,5,0,,8,0,171,,0,0,19,5763,235,2382
2017-09-01,2017,9,74,3,293,0,3252,43,7,2,994,98477,3224,8952,73,2,227,0,1468,43,7,2,661,76298,1469,6729,,1,61,,1554,,,0,318,16689,1536,,0,,0,0,8,,,,0,83,10,11,0,,1,0,47,,,,3,325,42,3,1,,4,0,175,,0,0,12,5082,167,2209
2017-10-01,2017,10,90,7,553,0,3311,45,12,1,1287,109220,3793,9586,90,7,489,0,1510,45,12,1,872,85379,1792,7248,,0,58,,1559,,,0,394,17892,1729,,0,,1,0,15,,,,1,111,14,8,0,,0,0,33,,,,3,319,37,9,0,,5,0,194,,0,0,17,5519,221,2321
2017-11-01,2017,11,62,2,287,0,3031,41,5,0,1157,97354,3082,8522,60,2,215,0,1295,41,5,0,789,75701,1507,6322,,0,54,,1518,,,0,342,16036,1370,,0,,0,0,5,,,,0,59,5,6,0,,0,0,41,,,,6,341,34,2,2,,18,0,172,,0,0,20,5217,166,2192
2017-12-01,2017,12,74,8,377,0,3584,64,2,0,1069,101840,2800,9489,72,7,282,0,1631,64,2,0,738,80571,1364,7142,,1,62,,1720,,,0,311,15365,1215,,0,,0,0,16,,,,4,105,10,8,0,,14,0,36,,,,1,364,35,3,2,,19,0,181,,0,0,15,5435,176,2336
2018-01-01,2018,1,74,4,483,0,2491,66,9,0,1183,87108,3274,10078,73,3,417,0,1164,66,9,0,788,66744,1441,7636,,1,56,,1150,,,0,374,14459,1545,,0,,0,0,4,,,,0,83,16,10,0,,0,0,22,,,,3,289,39,3,1,,10,0,151,,0,0,18,5533,233,2429
2018-02-01,2018,2,77,6,249,0,2311,55,1,1,1031,83094,2649,9077,73,4,206,0,1113,55,1,1,695,63734,1256,6777,,2,39,,1011,,,0,320,13867,1174,,0,,0,0,6,,,,1,69,7,8,0,,0,0,35,,,,4,290,29,4,4,,4,0,146,,0,0,11,5134,183,2288
2018-03-01,2018,3,73,1,351,0,2213,67,3,0,1260,92928,2674,9580,73,1,302,0,1120,67,3,0,848,72415,1240,7027,,0,46,,916,,,0,391,14520,1195,,0,,1,0,5,,,,1,70,1,9,0,,0,0,25,,,,4,284,35,6,0,,2,0,147,,0,0,16,5639,203,2538
2018-04-01,2018,4,82,1,896,0,2754,57,17,0,969,114456,4190,10785,82,1,769,0,1243,57,17,0,661,89841,1925,8245,,0,85,,1311,,,0,285,18325,1973,,0,,1,0,11,,,,2,88,8,11,0,,1,0,37,,,,4,335,52,10,0,,40,0,152,,0,0,17,5867,232,2519
2018-05-01,2018,5,52,7,288,0,2664,57,2,1,1159,106849,3531,10214,52,7,228,0,1272,57,2,0,779,83219,1617,7663,,0,49,,1172,,,1,354,17104,1631,,0,,0,0,9,,,,0,84,11,8,0,,1,0,29,,,,4,322,34,2,0,,10,0,182,,0,0,22,6120,238,2541
2018-06-01,2018,6,54,9,305,0,2749,45,4,0,1057,118839,3388,9798,54,8,240,0,1220,45,4,0,703,96740,1573,7423,,1,58,,1331,,,0,332,16269,1574,,0,,0,0,12,,,,0,86,9,8,0,,1,0,28,,,,6,255,37,3,0,,6,0,158,,0,0,16,5489,195,2364
2018-07-01,2018,7,73,4,445,0,3115,37,7,1,1172,132682,3764,9911,73,3,370,0,1389,37,7,1,788,109305,1743,7399,,1,61,,1501,,,0,368,17280,1764,,0,,2,0,10,,,,1,96,10,8,0,,1,0,42,,,,5,300,37,8,0,,11,0,173,,0,0,10,5701,210,2496
2018-08-01,2018,8,75,3,332,0,3253,52,2,0,1134,101965,3327,9472,74,3,258,0,1508,52,2,0,787,79147,1537,7061,,0,59,,1511,,,0,317,16425,1542,,0,,0,0,6,,,,0,69,7,11,0,,1,0,45,,,,6,341,38,1,1,,14,0,183,,0,0,24,5983,203,2399
2018-09-01,2018,9,54,2,365,1,2730,28,3,0,878,83051,3098,8304,53,2,278,1,1233,28,3,0,618,63946,1411,6127,,0,76,,1317,,,0,240,13798,1452,,0,,1,0,6,,,,0,74,7,6,0,,2,0,24,,,,2,256,35,1,1,,8,0,150,,0,0,18,4977,193,2170
2018-10-01,2018,10,72,6,635,1,3588,60,10,2,1300,114656,4173,10361,72,5,551,1,1669,60,10,2,910,88759,1915,7691,,1,74,,1677,,,0,359,19023,1947,,0,,0,0,8,,,,2,78,7,3,0,,1,0,48,,,,5,321,37,5,0,,9,0,186,,0,0,24,6475,267,2662
2018-11-01,2018,11,69,2,292,0,3100,59,0,0,1211,97761,3302,9315,68,2,226,0,1408,59,0,0,839,75577,1518,6928,,0,51,,1451,,,0,343,16012,1500,,0,,0,0,7,,,,3,67,4,4,0,,1,0,38,,,,8,299,35,3,1,,14,0,196,,0,0,18,5806,245,2380
2018-12-01,2018,12,60,2,329,0,3554,32,0,0,1006,95353,2925,9313,60,2,256,0,1597,32,0,0,670,74539,1438,7016,,0,60,,1714,,,0,306,14839,1204,,0,,1,0,10,,,,0,71,9,1,0,,0,0,33,,,,2,328,40,6,0,,12,0,200,,0,0,28,5576,234,2290
2019-01-01,2019,1,57,3,483,0,2647,53,4,1,1229,87956,3585,9792,57,3,396,0,1235,53,4,1,855,66990,1618,7231,,0,58,,1197,,,0,348,14491,1634,,0,,0,0,2,,,,1,78,9,0,0,,0,0,36,,,,2,274,44,3,0,,29,0,177,,0,0,23,6123,280,2558
2019-02-01,2019,2,71,5,246,0,2473,53,6,2,987,82959,2628,8697,71,4,195,0,1166,53,6,2,672,63706,1258,6240,,1,41,,1079,,,0,286,13126,1102,,0,,0,0,8,,,,0,65,9,6,0,,0,0,27,,,,6,276,30,6,0,,10,0,193,,0,0,23,5786,229,2445
2019-03-01,2019,3,56,2,342,0,2216,52,2,2,1172,89433,2733,9366,55,2,282,0,1083,52,2,2,813,69999,1296,6867,,0,51,,912,,,0,325,13214,1172,,0,,0,0,9,,,,1,81,10,2,0,,1,0,28,,,,7,273,31,9,1,,8,0,184,,0,0,26,5866,224,2488
2019-04-01,2019,4,109,3,977,1,2830,49,13,2,1036,114510,4433,10936,104,3,869,1,1352,49,13,2,719,91073,2083,8232,,0,96,,1247,,,0,293,16867,2055,,0,,1,0,5,,,,1,59,6,4,0,,0,0,34,,,,2,276,40,5,5,,11,0,192,,0,0,21,6235,249,2695
2019-05-01,2019,5,60,2,283,0,2638,51,2,0,994,103159,3532,10275,60,2,211,0,1261,51,2,0,681,79996,1611,7769,,0,60,,1145,,,0,290,16331,1593,,0,,1,0,7,,,,1,78,8,6,0,,2,0,28,,,,3,275,39,2,0,,9,0,197,,0,0,19,6479,281,2498
2019-06-01,2019,6,49,2,335,0,2746,44,5,1,1105,117710,3408,9883,49,2,266,0,1243,44,5,1,731,96202,1586,7390,,0,56,,1257,,,0,330,15280,1564,,0,,2,0,6,,,,2,80,11,4,0,,1,0,33,,,,7,249,20,2,0,,10,0,207,,0,0,35,5899,227,2487
2019-07-01,2019,7,68,2,369,0,3374,41,6,2,1192,139390,3926,11155,68,2,316,0,1565,41,6,2,838,114737,1802,8217,,0,43,,1570,,,0,319,17386,1793,,0,,0,0,10,,,,1,84,9,5,0,,0,0,34,,,,4,281,43,3,0,,10,0,195,,0,0,30,6902,279,2930
2019-08-01,2019,8,47,0,322,0,3218,42,2,1,1164,98257,3540,8989,46,0,269,0,1490,42,2,1,791,76741,1678,6643,,0,44,,1448,,,0,337,15006,1556,,0,,0,0,13,,,,0,70,7,5,0,,0,0,38,,,,4,281,32,2,1,,9,0,229,,0,0,32,6159,267,2339
2019-09-01,2019,9,61,3,338,0,3023,50,6,1,971,91648,3360,8849,59,3,272,0,1337,50,6,1,667,70778,1534,6472,,0,48,,1436,,,0,283,14756,1548,,0,,1,0,12,,,,0,71,4,3,0,,2,0,31,,,,3,270,41,3,2,,15,0,207,,0,0,18,5773,233,2371
2019-10-01,2019,10,91,1,555,0,3481,55,7,1,1300,108679,4165,11033,90,1,473,0,1598,55,7,1,875,84482,1964,8352,,0,72,,1586,,,0,375,17010,1868,,0,,0,0,10,,,,0,94,9,3,0,,2,0,41,,,,7,331,43,4,1,,8,0,246,,0,0,43,6762,281,2674
2019-11-01,2019,11,51,4,286,0,3252,54,2,1,1152,97848,3251,9931,51,4,222,0,1482,54,2,1,792,75997,1595,7363,,0,51,,1497,,,0,320,15031,1364,,0,,1,0,7,,,,1,75,3,4,0,,1,0,24,,,,5,267,24,3,0,,11,0,242,,0,0,34,6478,265,2561
2019-12-01,2019,12,62,0,338,0,3836,40,3,2,1146,100109,3158,9626,60,0,273,0,1769,40,3,2,790,78695,1593,7095,,0,44,,1767,,,0,315,14509,1221,,0,,1,0,3,,,,1,82,9,6,0,,0,0,33,,,,7,336,37,5,2,,20,0,264,,0,0,33,6487,298,2520
2020-01-01,2020,1,59,1,414,0,2707,62,5,0,1208,90725,3507,10979,57,1,355,0,1322,62,5,0,835,69501,1545,8112,,0,51,,1137,,,0,336,14106,1571,,0,,0,0,5,,,,1,63,7,1,0,,0,0,42,,,,6,331,59,2,2,,8,0,201,,0,0,30,6724,325,2864
2020-02-01,2020,2,44,4,220,0,2372,47,3,1,1025,81180,2643,8794,44,4,170,0,1207,47,3,1,713,62404,1262,6284,,0,39,,965,,,0,288,12442,1102,,0,,0,0,4,,,,0,58,7,4,0,,2,0,19,,,,2,213,21,2,0,,9,0,177,,0,0,22,6063,251,2504
2020-03-01,2020,3,68,1,355,0,2539,58,3,0,1340,99736,2986,10558,68,1,288,0,1289,58,3,0,921,77622,1422,7385,,0,57,,982,,,0,378,14194,1266,,0,,0,0,5,,,,0,74,9,15,0,,1,0,31,,,,1,286,22,15,0,,9,0,232,,0,0,40,7560,267,3143
2020-04-01,2020,4,138,2,913,1,2368,32,19,2,739,102489,3892,10020,134,2,793,0,1074,32,19,2,474,80126,1828,7453,,0,84,,1081,,,0,234,15555,1710,,0,,1,0,6,,,,1,77,9,2,0,,0,0,24,,,,2,228,28,4,4,,35,1,183,,0,0,28,6503,317,2561
2020-05-01,2020,5,46,2,337,0,2548,40,3,1,694,96836,3019,7831,45,2,290,0,1176,40,3,1,483,75232,1451,5565,,0,43,,1125,,,0,192,14671,1316,,0,,0,0,5,,,,1,70,10,0,0,,0,0,33,,,,3,267,18,1,1,,4,0,209,,0,0,15,6596,224,2265
2020-06-01,2020,6,56,2,303,0,3150,42,1,1,936,134988,3228,9332,55,2,256,0,1507,42,1,0,633,110165,1594,6623,,0,33,,1358,,,1,263,16666,1329,,0,,0,0,8,,,,0,64,8,1,0,,0,0,23,,,,3,308,32,1,1,,14,0,254,,0,0,37,7785,265,2707
2020-07-01,2020,7,53,1,462,1,3135,57,6,0,1155,135835,3202,10789,52,0,412,1,1496,57,6,0,817,110841,1565,7633,,1,38,,1408,,,0,304,16559,1372,,0,,1,0,10,,,,0,66,7,1,0,,1,0,26,,,,7,277,30,4,1,,10,0,195,,0,0,27,8092,228,3151
2020-08-01,2020,8,37,1,283,0,2955,57,2,0,1315,100501,2811,9208,35,1,223,0,1430,57,2,0,918,77789,1383,6531,,0,40,,1305,,,0,346,14933,1167,,0,,1,0,6,,,,1,89,9,3,0,,0,0,32,,,,6,288,25,0,2,,19,0,182,,0,0,44,7402,227,2674
2020-09-01,2020,9,55,1,330,0,3044,37,5,0,1128,101309,2879,10062,53,0,256,0,1484,37,5,0,787,78450,1384,7194,,1,55,,1301,,,0,299,14884,1235,,0,,0,0,5,,,,0,77,3,2,0,,1,0,29,,,,3,314,25,2,2,,18,0,225,,0,0,39,7584,232,2864
2020-10-01,2020,10,93,2,607,0,3302,77,12,2,1427,114029,3510,10980,92,2,515,0,1556,77,12,2,977,88428,1774,7961,,0,70,,1416,,,0,390,16919,1417,,0,,0,0,11,,,,1,78,8,0,0,,2,0,28,,,,11,331,40,4,1,,20,0,291,,0,0,48,8273,271,3015
2020-11-01,2020,11,42,1,284,0,2756,60,1,0,1119,94738,2672,9660,41,1,228,0,1346,60,1,0,784,73366,1302,7025,,0,38,,1197,,,0,299,13937,1138,,0,,0,0,5,,,,0,39,0,3,0,,0,0,22,,,,3,238,24,1,1,,18,0,186,,0,0,33,7158,208,2631
2020-12-01,2020,12,49,2,336,0,3387,50,0,0,1033,101609,2493,10786,48,2,274,0,1663,50,0,0,717,79780,1284,7922,,0,38,,1457,,,0,287,13840,945,,0,,0,0,6,,,,0,59,5,2,0,,1,0,36,,,,5,261,17,5,1,,23,0,225,,0,0,24,7669,242,2857
2021-01-01,2021,1,56,6,435,1,2428,66,5,3,1043,91258,2845,10821,56,6,375,1,1217,66,5,2,713,70242,1403,7759,,0,40,,1016,,,1,286,13021,1109,,0,,1,0,4,,,,0,63,6,1,0,,0,0,24,,,,4,281,41,2,0,,19,0,167,,0,0,40,7651,286,3059
2021-02-01,2021,2,53,3,292,0,2185,53,1,0,875,83213,2215,9472,51,3,238,0,1103,53,1,0,587,64299,1081,6804,,0,36,,858,,,0,247,11656,873,,0,,0,0,4,,,,1,55,4,0,0,,0,0,26,,,,5,208,18,0,2,,18,0,194,,0,0,35,6995,239,2668
2021-03-01,2021,3,80,1,400,0,2657,71,4,0,1269,111416,2828,11158,71,1,345,0,1357,71,4,0,874,87019,1393,7810,,0,43,,981,,,0,348,14882,1120,,0,,0,0,7,,,,0,74,3,1,0,,1,0,24,,,,3,282,24,2,9,,11,0,288,,0,0,44,9159,288,3345
2021-04-01,2021,4,98,3,1043,0,2430,65,17,1,914,124206,3792,14290,98,3,939,0,1244,65,17,1,668,98572,1860,10542,,0,80,,961,,,0,213,16454,1628,,0,,1,0,3,,,,0,80,6,2,0,,2,0,25,,,,3,228,27,3,0,,21,0,197,,0,0,30,8872,271,3743
2021-05-01,2021,5,43,1,264,0,2199,69,0,0,797,95637,2858,9648,42,1,215,0,1120,69,0,0,563,74239,1363,6802,,0,29,,861,,,0,204,13504,1236,,0,,0,0,1,,,,0,52,8,0,0,,3,0,16,,,,3,217,29,1,1,,17,0,201,,0,0,27,7625,222,2845
2021-06-01,2021,6,67,0,329,0,2904,58,2,3,928,131884,3292,12453,65,0,232,0,1423,58,2,3,635,107144,1575,8888,,0,42,,1201,,,0,266,15645,1391,,0,,0,0,7,,,,1,58,7,3,0,,0,0,33,,,,2,260,31,3,2,,55,0,240,,0,0,24,8777,288,3559
2021-07-01,2021,7,79,3,417,0,2656,37,6,2,847,124786,3380,10947,78,3,352,0,1318,37,6,2,589,102664,1614,7975,,0,42,,1118,,,0,223,14286,1480,,0,,1,0,3,,,,1,70,5,1,0,,1,0,20,,,,1,210,31,2,1,,21,0,197,,0,0,33,7556,250,2969
2021-08-01,2021,8,69,1,303,0,3150,45,0,0,933,105708,3248,10111,68,1,248,0,1512,45,0,0,638,82617,1587,7185,,0,33,,1353,,,0,246,14615,1328,,0,,2,0,4,,,,1,59,9,0,0,,0,0,30,,,,6,263,34,3,1,,20,0,251,,0,0,42,8154,290,2923
2021-09-01,2021,9,61,1,426,1,3231,55,3,0,771,99913,3262,10606,61,1,363,1,1513,55,3,0,550,77182,1578,7557,,0,47,,1417,,,0,193,14431,1366,,0,,0,0,6,,,,0,58,4,0,0,,2,0,28,,,,0,245,33,3,0,,14,0,267,,0,0,28,7997,281,3046
2021-10-01,2021,10,82,4,622,1,3207,56,5,2,982,109883,3619,11873,82,4,513,1,1603,56,5,2,667,85571,1830,8662,,0,80,,1339,,,0,269,15641,1472,,0,,2,0,6,,,,1,77,9,1,0,,0,0,32,,,,3,263,26,8,0,,27,0,227,,0,0,42,8331,282,3202
2021-11-01,2021,11,55,2,272,0,3103,42,2,1,862,100630,2953,10917,54,2,220,0,1549,42,2,1,578,77959,1426,7950,,0,39,,1259,,,0,245,13878,1195,,0,,0,0,11,,,,0,78,6,3,0,,1,0,28,,,,2,255,23,3,1,,12,0,256,,0,0,37,8460,303,2961
2021-12-01,2021,12,59,0,296,0,3549,46,5,1,777,99283,2665,10047,58,0,228,0,1691,46,5,1,537,77841,1355,7288,,0,49,,1514,,,0,213,13249,996,,0,,0,0,8,,,,0,76,6,4,0,,1,0,37,,,,4,257,20,3,1,,18,0,299,,0,0,23,7860,288,2752
2022-01-01,2022,1,58,0,474,0,2539,48,2,0,889,90698,2857,12122,57,0,389,0,1282,48,2,0,618,69836,1338,8797,,0,57,,1016,,,0,233,12480,1212,,0,,0,0,3,,,,1,56,4,1,0,,1,0,18,,,,2,226,23,4,1,,27,0,220,,0,0,35,8100,280,3320
2022-02-01,2022,2,45,0,227,0,2342,48,2,1,654,81013,2125,9490,43,0,191,0,1164,48,2,1,453,62480,1058,6711,,0,26,,943,,,0,175,10870,782,,0,,0,0,6,,,,0,65,7,2,0,,1,0,24,,,,2,215,17,2,2,,9,0,205,,0,0,24,7383,261,2775
2022-03-01,2022,3,72,6,361,0,2412,45,3,3,956,100710,2557,11419,71,5,303,0,1248,45,3,3,667,78410,1196,8049,,1,39,,871,,,0,257,12707,976,,0,,0,0,5,,,,0,65,6,0,0,,0,0,13,,,,2,213,25,3,1,,19,0,275,,0,0,30,9315,354,3367
2022-04-01,2022,4,95,3,967,0,2388,55,18,1,756,114188,3693,11638,94,2,870,0,1184,55,18,1,529,89940,1819,8385,,1,72,,968,,,0,194,15318,1529,,0,,2,0,7,,,,0,50,6,0,0,,0,0,22,,,,3,259,33,2,1,,23,0,207,,0,0,30,8621,306,3251
2022-05-01,2022,5,32,2,315,1,2188,48,0,0,810,98405,2940,10220,30,1,251,1,1074,48,0,0,571,76346,1408,7308,,1,37,,887,,,0,198,13486,1188,,0,,0,0,4,,,,0,58,5,3,0,,0,0,18,,,,5,198,27,1,2,,27,0,205,,0,0,36,8317,312,2908
2022-06-01,2022,6,71,2,338,0,2739,46,0,0,883,128194,3295,11544,67,2,263,0,1344,46,0,0,623,103930,1579,8178,,0,43,,1115,,,0,206,14852,1375,,0,,0,0,7,,,,1,65,4,1,0,,1,0,20,,,,1,235,26,4,4,,31,0,253,,0,0,52,9112,311,3361
2022-07-01,2022,7,102,0,417,0,2767,44,2,3,764,123430,3154,10701,100,0,348,0,1312,44,2,3,532,101152,1538,7715,,0,45,,1145,,,0,191,13743,1339,,0,,2,0,2,,,,0,50,6,2,0,,1,0,32,,,,1,224,23,2,2,,21,0,276,,0,0,40,8261,248,2982
2022-08-01,2022,8,61,0,350,0,3219,46,4,2,903,106127,3107,10509,57,0,286,0,1497,46,4,2,680,83136,1505,7597,,0,46,,1367,,,0,197,14064,1238,,0,,0,0,6,,,,0,67,8,2,0,,0,0,32,,,,1,235,19,2,4,,18,0,317,,0,0,25,8625,337,2908
2022-09-01,2022,9,49,1,348,1,2902,41,2,1,795,98308,3182,9682,48,1,280,1,1398,41,2,1,566,76446,1504,6792,,0,49,,1214,,,0,186,13353,1284,,0,,1,0,9,,,,0,77,8,2,0,,1,0,26,,,,4,232,23,3,1,,17,0,255,,0,0,39,8200,363,2885
2022-10-01,2022,10,62,5,576,0,3163,52,6,1,923,105003,3622,10500,62,5,493,0,1578,52,6,1,663,81598,1811,7501,,0,42,,1294,,,0,205,14364,1418,,0,,0,0,3,,,,1,81,9,4,0,,0,0,15,,,,4,215,21,1,0,,41,0,273,,0,0,50,8745,363,2994
2022-11-01,2022,11,56,1,284,0,3000,49,2,0,1010,101693,3095,11498,54,1,233,0,1445,49,2,0,708,78611,1561,8163,,0,26,,1227,,,0,248,13544,1151,,0,,0,0,7,,,,0,64,3,2,0,,0,0,23,,,,4,232,28,4,2,,25,0,298,,0,0,50,9242,352,3329
2022-12-01,2022,12,84,3,315,0,3318,30,3,0,829,98356,2862,10225,82,2,247,0,1646,30,3,0,577,76814,1420,7175,,1,44,,1360,,,0,210,12849,1083,,0,,0,0,9,,,,0,60,4,1,0,,1,0,22,,,,0,220,12,2,2,,23,0,281,,0,0,42,8413,343,3047
2023-01-01,2023,1,41,0,469,0,2589,45,5,0,1001,92500,3286,11911,39,0,409,0,1349,45,5,0,707,70872,1588,8376,,0,38,,939,,,0,228,12324,1286,,0,,1,0,6,,,,1,84,13,2,0,,0,0,20,,,,6,224,31,1,2,,21,0,275,,0,0,59,8996,368,3532
2023-02-01,2023,2,42,1,264,0,2513,38,1,0,825,87816,2727,9787,41,1,209,0,1262,38,1,0,593,67233,1358,6745,,0,34,,945,,,0,182,11716,1009,,0,,0,0,5,,,,0,76,10,2,0,,0,0,17,,,,3,211,24,3,1,,21,0,284,,0,0,47,8580,326,3037
2023-03-01,2023,3,63,1,441,0,2512,58,2,2,1144,104799,2835,12064,62,1,333,0,1324,58,2,1,859,81475,1366,8405,,0,73,,892,,,1,230,12969,1093,,0,,1,0,5,,,,1,57,3,1,0,,1,0,18,,,,4,205,16,1,1,,33,0,273,,0,0,50,10093,357,3657
2023-04-01,2023,4,89,1,918,0,2723,33,16,2,906,120191,4463,12563,88,1,826,0,1377,33,16,2,653,94687,2178,8972,,0,68,,1010,,,0,214,15499,1848,,0,,0,0,12,,,,0,66,5,1,0,,2,0,25,,,,3,263,44,3,1,,22,0,299,,0,0,36,9676,388,3587
2023-05-01,2023,5,46,4,302,0,2631,35,3,0,980,107259,3638,11409,45,3,252,0,1279,35,2,0,712,83240,1729,8259,,1,31,,1053,,,0,217,14156,1504,,0,,0,0,7,,,,0,63,4,2,0,,0,0,12,,,,2,215,38,0,1,,19,0,280,,1,0,49,9585,363,3148
2023-06-01,2023,6,55,0,316,0,3092,48,4,0,1165,129723,3727,11581,55,0,257,0,1528,48,4,0,834,105010,1778,8298,,0,42,,1210,,,0,265,14698,1540,,0,,1,0,4,,,,0,56,9,1,0,,0,0,20,,,,0,222,21,0,0,,16,0,330,,0,0,66,9737,379,3282
2023-07-01,2023,7,69,2,412,0,3008,45,4,2,1041,126249,3832,11195,68,2,353,0,1442,45,4,2,746,103069,1804,8123,,0,34,,1249,,,0,243,14087,1613,,0,,0,0,3,,,,0,64,5,0,0,,1,0,32,,,,1,264,38,2,1,,24,0,282,,0,0,51,8765,372,3070
2023-08-01,2023,8,75,0,398,0,3406,55,0,0,1136,112784,3798,12971,71,0,319,0,1567,55,0,0,827,86908,1744,9345,,0,41,,1463,,,0,243,15238,1602,,0,,0,0,5,,,,0,82,12,1,0,,1,0,35,,,,2,301,41,2,4,,37,0,336,,0,0,64,10255,399,3623
2023-09-01,2023,9,62,0,398,0,3353,41,0,1,1008,101505,3654,11721,62,0,317,0,1599,41,0,1,729,77737,1669,8328,,0,56,,1374,,,0,222,14218,1533,,0,,1,0,4,,,,0,52,9,2,0,,0,0,45,,,,3,272,38,1,0,,24,0,331,,0,0,54,9226,405,3390
2023-10-01,2023,10,73,0,669,0,3800,51,7,1,1252,118597,4660,13472,72,0,552,0,1835,51,7,1,890,90759,2185,9651,,0,80,,1586,,,0,304,16799,1968,,0,,0,0,13,,,,1,78,10,1,0,,0,0,34,,,,5,289,40,2,1,,37,0,332,,0,0,52,10672,457,3818
2023-11-01,2023,11,49,0,288,0,3634,47,1,0,1301,105950,3541,11279,49,0,228,0,1698,47,1,0,934,81343,1700,7963,,0,38,,1503,,,0,294,14353,1393,,0,,1,0,6,,,,0,59,5,1,0,,0,0,36,,,,5,252,25,0,0,,21,0,391,,0,0,68,9943,418,3315
2023-12-01,2023,12,73,1,316,0,4108,50,1,0,1151,105608,3236,11499,73,1,244,0,1922,50,1,0,840,82094,1644,8204,,0,47,,1737,,,0,258,13505,1157,,0,,0,0,6,,,,0,70,8,1,0,,1,0,37,,,,3,277,23,2,0,,24,0,406,,0,0,50,9662,404,3292
2024-01-01,2024,1,55,3,492,1,3102,59,2,1,1194,96707,3418,11479,55,3,410,1,1518,59,2,1,880,73764,1574,8073,,0,53,,1220,,,0,258,12689,1346,,0,,0,0,6,,,,0,57,5,0,0,,1,0,30,,,,2,248,28,3,0,,28,0,328,,0,0,54,9949,465,3403
2024-02-01,2024,2,52,1,243,0,2738,41,2,1,1138,92512,2903,10838,52,1,206,0,1371,41,2,1,803,70679,1391,7649,,0,26,,1068,,,0,267,12070,1065,,0,,1,0,7,,,,3,60,4,0,0,,0,0,25,,,,1,194,19,2,0,,10,0,267,,0,0,64,9509,424,3187
2024-03-01,2024,3,69,0,392,0,2385,59,4,0,1292,97414,2776,12330,68,0,320,0,1212,59,4,0,912,75240,1325,8700,,0,42,,851,,,0,300,11712,1044,,0,,0,0,5,,,,0,57,6,0,0,,0,0,19,,,,4,186,15,1,1,,30,0,298,,0,0,76,10219,386,3629
2024-04-01,2024,4,93,2,978,1,2937,62,12,1,1099,125515,4471,12764,92,0,852,1,1465,62,12,1,805,98470,2169,8905,,2,84,,1146,,,0,236,15798,1821,,0,,1,0,6,,,,0,64,7,0,0,,0,0,22,,,,4,216,30,0,1,,41,0,298,,0,0,54,10967,444,3859
2024-05-01,2024,5,68,2,355,0,3162,60,3,2,1439,117012,4013,12909,68,2,291,0,1504,60,3,2,1038,89876,1866,9017,,0,42,,1201,,,0,327,15129,1597,,0,,1,0,5,,,,1,65,10,1,0,,0,0,28,,,,3,275,36,1,0,,21,0,424,,0,0,70,11667,504,3890
2024-06-01,2024,6,56,0,367,0,2892,45,1,0,1210,118421,3506,11282,53,0,290,0,1434,45,1,0,856,95171,1653,7946,,0,44,,1094,,,0,275,13177,1406,,0,,0,0,6,,,,0,67,7,3,0,,2,0,27,,,,3,226,30,3,3,,31,0,331,,0,0,76,9780,410,3330
2024-07-01,2024,7,85,1,456,0,3524,56,4,0,1404,140665,3959,12385,84,1,373,0,1710,56,4,0,996,114724,1896,8686,,0,64,,1408,,,0,333,14906,1587,,0,,0,0,9,,,,1,61,6,1,0,,1,0,27,,,,2,252,32,0,1,,18,0,370,,0,0,72,10722,438,3698
2024-08-01,2024,8,71,12,394,0,3508,66,0,1,1318,108963,3639,12505,69,8,310,0,1653,66,0,1,980,84138,1701,8826,,4,45,,1389,,,0,276,13831,1454,,0,,0,0,8,,,,0,50,7,0,0,,1,0,27,,,,2,242,37,0,2,,38,0,431,,0,0,60,10702,440,3679
2024-09-01,2024,9,66,10,344,0,3280,46,5,2,1139,94833,3371,9805,64,6,282,0,1511,46,5,1,816,72714,1557,6754,,4,35,,1365,,,0,249,12687,1357,,0,,2,0,9,,,,2,57,7,1,0,,0,0,36,,,,1,230,29,3,2,,25,0,359,,0,1,71,9145,421,3047
2024-10-01,2024,10,96,6,694,0,3934,73,10,1,1526,121704,4413,12727,95,6,585,0,1863,73,10,1,1079,94392,2220,9024,,0,70,,1614,,,0,346,15537,1664,,0,,2,0,11,,,,0,89,8,2,0,,0,0,32,,,,0,287,37,1,1,,37,0,414,,0,0,101,11399,484,3700
2024-11-01,2024,11,69,2,365,0,3551,65,0,0,1446,107649,3607,11099,69,2,289,0,1687,65,0,0,1047,81356,1861,7812,,0,33,,1411,,,0,304,13246,1269,,0,,0,0,7,,,,2,71,10,2,0,,1,0,31,,,,2,273,34,3,0,,42,0,415,,0,0,91,12703,433,3282
2024-12-01,2024,12,61,0,378,0,3757,44,4,2,1320,103597,3136,10352,59,0,309,0,1789,44,4,2,952,80846,1582,7279,,0,44,,1541,,,0,283,12625,1096,,0,,2,0,6,,,,0,41,5,1,0,,1,0,30,,,,1,224,23,2,2,,22,0,391,,0,0,84,9861,430,3070
2025-01-01,2025,1,60,1,537,0,3137,74,6,0,1338,99149,3479,12752,59,1,437,0,1613,74,5,0,987,76282,1696,8914,,0,61,,1092,,,0,283,12123,1292,,0,,2,0,6,,,,2,83,10,3,0,,1,0,25,,,,2,213,22,1,1,,36,0,401,,1,0,64,10448,459,3834
2025-02-01,2025,2,34,2,313,0,2701,62,4,1,1284,92039,2859,10367,33,1,257,0,1348,62,4,1,965,70615,1429,7032,,1,25,,980,,,0,243,11254,983,,0,,0,0,4,,,,0,57,5,1,0,,1,0,26,,,,1,226,29,2,1,,30,0,343,,0,0,75,9887,413,3332
2025-03-01,2025,3,57,4,509,1,2439,74,2,1,1411,100941,2911,12526,56,4,385,1,1263,74,2,1,1021,78290,1418,8626,,0,52,,821,,,0,309,11487,1045,,0,,0,0,6,,,,1,54,7,1,0,,0,0,20,,,,2,215,24,0,1,,72,0,329,,0,0,78,10895,417,3899
2025-04-01,2025,4,119,2,941,0,2971,47,4,3,1272,126505,4497,13690,118,2,854,0,1463,47,4,3,905,99451,2230,9531,,0,58,,1161,,,0,295,15254,1756,,0,,2,0,8,,,,1,81,8,3,0,,3,0,16,,,,0,224,36,0,1,,24,0,323,,0,0,71,11495,467,4156
2025-05-01,2025,5,63,4,420,1,3117,60,3,1,1386,118818,4191,12784,61,4,359,1,1539,60,3,1,1021,91673,2005,8784,,0,39,,1170,,,0,294,14618,1641,,0,,0,0,8,,,,1,63,5,1,0,,0,0,29,,,,1,224,30,1,2,,22,0,371,,0,0,69,12240,510,3998
2025-06-01,2025,6,54,0,385,0,3071,60,2,0,1361,127626,3739,11958,54,0,322,0,1582,60,2,0,991,103005,1883,8254,,0,34,,1102,,,0,287,13302,1371,,0,,0,0,5,,,,1,54,5,2,0,,0,0,22,,,,2,168,21,0,0,,29,0,360,,0,0,80,11097,459,3702
2025-07-01,2025,7,85,10,545,0,3158,54,5,0,1318,135647,3705,13195,82,6,445,0,1537,54,5,0,941,110898,1834,9311,,4,64,,1233,,,0,294,13388,1412,,0,,0,0,9,,,,0,50,6,2,0,,0,0,24,,,,2,192,23,1,3,,36,0,355,,0,0,81,11119,430,3881
2025-08-01,2025,8,62,4,418,0,3523,58,5,0,1459,114326,3869,11170,62,4,346,0,1713,58,5,0,1061,89237,1865,7591,,0,39,,1389,,,0,301,13663,1455,,0,,0,0,6,,,,0,66,8,0,0,,2,0,23,,,,4,212,28,2,0,,31,0,392,,0,0,93,11148,513,3577
2025-09-01,2025,9,92,5,412,1,3439,71,2,0,1262,107886,3752,12348,89,5,333,1,1687,71,2,0,939,83101,1845,8254,,0,54,,1332,,,0,257,12968,1371,,0,,0,0,7,,,,0,60,7,1,0,,2,0,21,,,,2,188,24,0,3,,23,0,392,,0,0,64,11569,505,4093
2025-10-01,2025,10,97,4,739,0,4256,69,13,0,1648,134702,4750,14750,97,4,628,0,2090,69,13,0,1209,104508,2363,10212,,0,73,,1642,,,0,344,15964,1683,,0,,1,0,6,,,,2,72,8,0,0,,1,0,38,,,,2,271,32,3,0,,36,0,480,,0,0,91,13887,664,4535
2025-11-01,2025,11,47,2,446,1,3459,77,1,2,1362,102201,3601,9526,47,2,362,1,1693,77,1,2,972,79155,1848,6600,,0,55,,1333,,,0,310,12364,1200,,0,,0,0,6,,,,0,61,10,1,0,,1,0,31,,,,1,225,25,3,0,,28,0,396,,0,0,79,10396,518,2922
2025-12-01,2025,12,71,4,482,0,4112,79,5,0,1463,113508,3454,10291,69,4,346,0,2115,79,5,0,1048,89445,1832,7056,,0,104,,1524,,,0,317,12625,1056,,0,,0,0,10,,,,1,62,4,1,0,,0,0,23,,,,5,186,14,2,2,,32,0,440,,0,0,92,11190,548,3232
2026-01-01,2026,1,68,6,557,0,3381,79,1,0,1364,105639,3874,11203,67,6,482,0,1766,79,1,0,998,81133,1983,7611,,0,47,,1190,,,0,303,12560,1267,,0,,0,0,3,,,,0,65,10,1,0,,0,0,21,,,,0,202,24,1,1,,28,0,401,,0,0,63,11679,590,3590
